Date,Keyword,Position,URL
2026-05-23 17:17:14,sunglasses manufacturer,>100,https://eyeviewsunglasses.com
2026-05-23 17:17:14,wholesale sunglasses,>100,https://eyeviewsunglasses.com
2026-05-23 17:17:14,custom sunglasses manufacturer,>100,https://eyeviewsunglasses.com
2026-05-23 17:17:14,OEM sunglasses,>100,https://eyeviewsunglasses.com
2026-05-23 17:17:14,ODM sunglasses,>100,https://eyeviewsunglasses.com
2026-05-23 17:17:14,prescription sunglasses manufacturer,>100,https://eyeviewsunglasses.com
2026-05-23 17:17:14,promotional sunglasses,>100,https://eyeviewsunglasses.com
2026-05-23 17:17:14,eco-friendly sunglasses,>100,https://eyeviewsunglasses.com
2026-05-23 17:17:14,acetate sunglasses manufacturer,>100,https://eyeviewsunglasses.com
2026-05-23 17:17:14,TR90 sunglasses manufacturer,>100,https://eyeviewsunglasses.com
2026-05-23 17:19:38,sunglasses manufacturer,>100,https://eyeviewsunglasses.com
2026-05-23 17:19:38,wholesale sunglasses,>100,https://eyeviewsunglasses.com
2026-05-23 17:19:38,custom sunglasses manufacturer,>100,https://eyeviewsunglasses.com
2026-05-23 17:19:38,OEM sunglasses,>100,https://eyeviewsunglasses.com
2026-05-23 17:19:38,ODM sunglasses,>100,https://eyeviewsunglasses.com
2026-05-23 17:19:38,prescription sunglasses manufacturer,>100,https://eyeviewsunglasses.com
2026-05-23 17:19:38,promotional sunglasses,>100,https://eyeviewsunglasses.com
2026-05-23 17:19:38,eco-friendly sunglasses,>100,https://eyeviewsunglasses.com
2026-05-23 17:19:38,acetate sunglasses manufacturer,>100,https://eyeviewsunglasses.com
2026-05-23 17:19:38,TR90 sunglasses manufacturer,>100,https://eyeviewsunglasses.com
2026-05-29 16:00:01,sunglasses manufacturer,>100,https://eyeviewsunglasses.com
2026-05-29 16:00:01,wholesale sunglasses,>100,https://eyeviewsunglasses.com
2026-05-29 16:00:01,custom sunglasses manufacturer,>100,https://eyeviewsunglasses.com
2026-05-29 16:00:01,OEM sunglasses,>100,https://eyeviewsunglasses.com
2026-05-29 16:00:01,ODM sunglasses,>100,https://eyeviewsunglasses.com
2026-05-29 16:00:01,prescription sunglasses manufacturer,>100,https://eyeviewsunglasses.com
2026-05-29 16:00:01,promotional sunglasses,>100,https://eyeviewsunglasses.com
2026-05-29 16:00:01,eco-friendly sunglasses,>100,https://eyeviewsunglasses.com
2026-05-29 16:00:01,acetate sunglasses manufacturer,>100,https://eyeviewsunglasses.com
2026-05-29 16:00:01,TR90 sunglasses manufacturer,>100,https://eyeviewsunglasses.com
